step,orig_cost,time_since_start,runtime0,runtime1,runtime2
0,13.960398,102885.695,19.285146713256836,14.603729248046875,14.619026184082031
1,13.960398,-1.0,19.285146713256836,,
