step,orig_cost,time_since_start,runtime0,runtime1,runtime2
0,88.918199,64773.479,100.01509857177734,80.69889235496521,80.08693432807922
1,88.918199,-1.0,100.01509857177734,,
