step,orig_cost,time_since_start,runtime0,runtime1,runtime2
0,213.033652,101978.725,209.4712679386139,193.6135449409485,196.37433528900146
1,213.033652,-1.0,209.4712679386139,,
