step,orig_cost,time_since_start,runtime0,runtime1,runtime2
0,88.293537,27527.998,85.80457186698914,81.8354332447052,81.57613110542297
1,88.293537,-1.0,85.80457186698914,,
