step,orig_cost,time_since_start,runtime0,runtime1,runtime2
0,50.346589,35076.87,54.5128812789917,48.31288695335388,47.48523426055908
1,50.346589,-1.0,54.5128812789917,,
