step,orig_cost,time_since_start,runtime0,runtime1,runtime2
0,38.510671,91758.233,42.452632904052734,36.91373634338379,36.99126887321472
1,38.510671,-1.0,42.452632904052734,,
