step,orig_cost,time_since_start,runtime0,runtime1,runtime2
0,50.346589,35076.87,56.7714364528656,50.31048011779785,50.01718235015869
1,50.346589,-1.0,56.7714364528656,,
