step,orig_cost,time_since_start,runtime0,runtime1,runtime2
0,38.510671,91758.233,44.9666063785553,39.122992753982544,39.036059856414795
1,38.510671,-1.0,44.9666063785553,,
