step,orig_cost,time_since_start,runtime0,runtime1,runtime2
0,95.040362,61354.469,98.46926546096802,82.7735607624054,83.29293990135193
1,95.040362,-1.0,98.46926546096802,,
