step,orig_cost,time_since_start,runtime0,runtime1,runtime2
0,48.322229,88941.667,51.88498568534851,45.949275493621826,46.153526067733765
1,48.322229,-1.0,51.88498568534851,,
