step,orig_cost,time_since_start,runtime0,runtime1,runtime2
0,57.15511,31269.514,59.813984870910645,54.42870593070984,54.61657428741455
1,57.15511,-1.0,59.813984870910645,,
