step,orig_cost,time_since_start,runtime0,runtime1,runtime2
0,57.15511,31269.514,62.10831379890442,56.2629816532135,56.587774991989136
1,57.15511,-1.0,62.10831379890442,,
