step,orig_cost,time_since_start,runtime0,runtime1,runtime2
0,48.322229,88941.667,53.102742433547974,48.07979226112366,49.009665727615356
1,48.322229,-1.0,53.102742433547974,,
