step,orig_cost,time_since_start,runtime0,runtime1,runtime2
0,90.526058,35845.864,94.06707715988159,89.37347269058228,89.23443341255188
1,90.526058,-1.0,94.06707715988159,,
