step,orig_cost,time_since_start,runtime0,runtime1,runtime2
0,39.18297,104770.907,42.64670491218567,38.0723090171814,38.108153104782104
1,39.18297,-1.0,42.64670491218567,,
