step,orig_cost,time_since_start,runtime0,runtime1,runtime2
0,39.18297,104770.907,44.88249683380127,40.03516221046448,39.95823788642883
1,39.18297,-1.0,44.88249683380127,,
