step,orig_cost,time_since_start,runtime0,runtime1,runtime2
0,90.526058,35845.864,95.0001232624054,90.53337025642395,90.34371709823608
1,90.526058,-1.0,95.0001232624054,,
