step,orig_cost,time_since_start,runtime0,runtime1,runtime2
0,41.884567,96792.991,51.46482515335083,45.38232064247131,44.478753328323364
1,41.884567,-1.0,51.46482515335083,,
