step,orig_cost,time_since_start,runtime0,runtime1,runtime2
0,15.408497,95757.79,20.509713411331177,16.10299301147461,16.104737758636475
1,15.408497,-1.0,20.509713411331177,,
