step,orig_cost,time_since_start,runtime0,runtime1,runtime2
0,7.156592,90175.988,10.901716709136963,7.696851968765259,7.076112747192383
1,7.156592,-1.0,10.901716709136963,,
