step,orig_cost,time_since_start,runtime0,runtime1,runtime2
0,64.653465,31253.096,65.11638402938843,61.784499168395996,60.1426842212677
1,64.653465,-1.0,65.11638402938843,,
