step,orig_cost,time_since_start,runtime0,runtime1,runtime2
0,40.042983,92105.172,44.35940146446228,38.506348848342896,39.23887085914612
1,40.042983,-1.0,44.35940146446228,,
