step,orig_cost,time_since_start,runtime0,runtime1,runtime2
0,64.653465,31253.096,68.22681164741516,62.359087228775024,63.99779725074768
1,64.653465,-1.0,68.22681164741516,,
