step,orig_cost,time_since_start,runtime0,runtime1,runtime2
0,40.042983,92105.172,49.190706729888916,41.01500701904297,41.24459528923035
1,40.042983,-1.0,49.190706729888916,,
