step,orig_cost,time_since_start,runtime0,runtime1,runtime2
0,54.274513,29453.994,58.57770872116089,51.3355131149292,51.72549366950989
1,54.274513,-1.0,58.57770872116089,,
