step,orig_cost,time_since_start,runtime0,runtime1,runtime2
0,39.32252,98140.572,44.3763267993927,39.21701979637146,39.17345094680786
1,39.32252,-1.0,44.3763267993927,,
