step,orig_cost,time_since_start,runtime0,runtime1,runtime2
0,54.274513,29453.994,60.75670146942139,54.075647592544556,54.09343481063843
1,54.274513,-1.0,60.75670146942139,,
