step,orig_cost,time_since_start,runtime0,runtime1,runtime2
0,39.32252,98140.572,45.20317459106445,40.54108500480652,40.433467864990234
1,39.32252,-1.0,45.20317459106445,,
