step,orig_cost,time_since_start,runtime0,runtime1,runtime2
0,45.877595,105770.525,48.86304259300232,43.77282524108887,43.677656412124634
1,45.877595,-1.0,48.86304259300232,,
