step,orig_cost,time_since_start,runtime0,runtime1,runtime2
0,198.956914,105335.241,195.63551926612854,180.53059029579163,180.81813502311707
1,198.956914,-1.0,195.63551926612854,,
