step,orig_time_cost,time_since_start,runtime0,runtime1,runtime2
0,277.72514939308167,40093.039,544.0838150978088,540.0003910064697,538.1051247119904
