step,orig_time_cost,time_since_start,runtime0
0,427.00807428359985,5967.885,800.0
1,384.45492029190063,17311.774,800.0
2,372.89395117759705,28742.825,800.0
3,370.73614048957825,111174.716,800.0
