step,orig_time_cost,time_since_start,runtime0
0,400.153972864151,3752.968,800.0
1,367.2145836353302,37996.021,800.0
2,338.3153326511383,100957.862,800.0
