step,orig_cost,time_since_start,runtime0,runtime1,runtime2
0,13.328734,84686.814,17.153368711471558,12.023597002029419,12.43239140510559
1,13.328734,-1.0,17.153368711471558,,
