step,orig_cost,time_since_start,runtime0,runtime1,runtime2
0,44.446579,106188.227,55.142508029937744,48.64341115951538,48.46938705444336
1,44.446579,-1.0,55.142508029937744,,
