step,orig_cost,time_since_start,runtime0,runtime1,runtime2
0,65.66147,34992.834,69.40883779525757,61.36023831367493,60.65326905250549
1,65.66147,-1.0,69.40883779525757,,
