step,orig_cost,time_since_start,runtime0,runtime1,runtime2
0,44.807631,95306.001,48.31493425369263,42.08332872390747,42.727803468704224
1,44.807631,-1.0,48.31493425369263,,
