step,orig_cost,time_since_start,runtime0,runtime1,runtime2
0,44.807631,95306.001,50.978251218795776,45.044161319732666,44.88573622703552
1,44.807631,-1.0,50.978251218795776,,
