step,orig_cost,time_since_start,runtime0,runtime1,runtime2
0,65.66147,34992.834,70.6847996711731,65.95868182182312,65.2105278968811
1,65.66147,-1.0,70.6847996711731,,
