step,orig_cost,time_since_start,runtime0,runtime1,runtime2
0,84.028602,27260.893,82.14960026741028,77.23698306083679,76.9379780292511
1,84.028602,-1.0,82.14960026741028,,
