step,orig_cost,time_since_start,runtime0,runtime1,runtime2
0,124.841786,91245.539,131.70932984352112,117.88901543617249,117.82850003242493
1,124.841786,-1.0,131.70932984352112,,
