step,orig_cost,time_since_start,runtime0,runtime1,runtime2
0,252.922986,108352.524,248.7387273311615,232.843599319458,237.21482610702515
1,252.922986,-1.0,248.7387273311615,,
