step,orig_cost,time_since_start,runtime0,runtime1,runtime2
0,40.009746,105335.876,44.4464271068573,39.21687150001526,39.34696125984192
1,40.009746,-1.0,44.4464271068573,,
