step,orig_cost,time_since_start,runtime0,runtime1,runtime2
0,54.049716,28777.252,55.25316023826599,51.24258995056152,51.569045305252075
1,54.049716,-1.0,55.25316023826599,,
