step,orig_cost,time_since_start,runtime0,runtime1,runtime2
0,54.049716,28777.252,58.79218125343323,53.66963744163513,53.650710105895996
1,54.049716,-1.0,58.79218125343323,,
