step,orig_cost,time_since_start,runtime0,runtime1,runtime2
0,40.009746,105335.876,46.00659418106079,41.54663872718811,41.4921658039093
1,40.009746,-1.0,46.00659418106079,,
