step,orig_cost,time_since_start,runtime0,runtime1,runtime2
0,12.900861,85964.27,17.707031965255737,12.534514904022217,12.622522592544556
1,12.900861,-1.0,17.707031965255737,,
