step,orig_cost,time_since_start,runtime0,runtime1,runtime2
0,57.060179,35854.103,58.66353750228882,52.350473403930664,52.07721996307373
1,57.060179,-1.0,58.66353750228882,,
