step,orig_cost,time_since_start,runtime0,runtime1,runtime2
0,46.47164,102233.582,49.78166127204895,44.894070625305176,45.03842067718506
1,46.47164,-1.0,49.78166127204895,,
