step,orig_cost,time_since_start,runtime0,runtime1,runtime2
0,57.060179,35854.103,60.79224967956543,54.249136209487915,54.44242548942566
1,57.060179,-1.0,60.79224967956543,,
