step,orig_cost,time_since_start,runtime0,runtime1,runtime2
0,46.47164,102233.582,52.07182002067566,46.567869424819946,46.74807572364807
1,46.47164,-1.0,52.07182002067566,,
