step,orig_cost,time_since_start,runtime0,runtime1,runtime2
0,184.119322,107645.692,185.46500635147095,170.40457701683044,170.28046250343323
1,184.119322,-1.0,185.46500635147095,,
