step,orig_cost,time_since_start,runtime0,runtime1,runtime2
0,48.46308,33839.744,55.05245518684387,48.5839307308197,47.55730128288269
1,48.46308,-1.0,55.05245518684387,,
