step,orig_cost,time_since_start,runtime0,runtime1,runtime2
0,39.539502,107261.734,44.80412459373474,39.69225025177002,39.90034484863281
1,39.539502,-1.0,44.80412459373474,,
