step,orig_cost,time_since_start,runtime0,runtime1,runtime2
0,48.46308,33839.744,55.71572208404541,49.586806774139404,49.56518864631653
1,48.46308,-1.0,55.71572208404541,,
