step,orig_cost,time_since_start,runtime0,runtime1,runtime2
0,39.539502,107261.734,46.027230739593506,40.51581907272339,40.60558557510376
1,39.539502,-1.0,46.027230739593506,,
