step,orig_cost,time_since_start,runtime0,runtime1,runtime2
0,60.90843,34750.317,62.422839879989624,58.054927110672,57.25932860374451
1,60.90843,-1.0,62.422839879989624,,
