step,orig_cost,time_since_start,runtime0,runtime1,runtime2
0,45.69478,103083.068,51.02384424209595,44.75066065788269,44.630701780319214
1,45.69478,-1.0,51.02384424209595,,
