step,orig_cost,time_since_start,runtime0,runtime1,runtime2
0,45.69478,103083.068,52.46922826766968,47.438424825668335,47.13952398300171
1,45.69478,-1.0,52.46922826766968,,
