step,orig_cost,time_since_start,runtime0,runtime1,runtime2
0,60.90843,34750.317,64.96752524375916,59.901711225509644,59.88133215904236
1,60.90843,-1.0,64.96752524375916,,
