step,orig_cost,time_since_start,runtime0,runtime1,runtime2
0,210.907901,103151.536,204.01498365402222,188.59450817108154,189.96560311317444
1,210.907901,-1.0,204.01498365402222,,
