step,orig_cost,time_since_start,runtime0,runtime1,runtime2
0,50.170312,33320.296,53.83164048194885,47.151615142822266,47.35034537315369
1,50.170312,-1.0,53.83164048194885,,
