step,orig_cost,time_since_start,runtime0,runtime1,runtime2
0,41.034555,102730.374,46.57044315338135,40.001341104507446,40.12362456321716
1,41.034555,-1.0,46.57044315338135,,
