step,orig_cost,time_since_start,runtime0,runtime1,runtime2
0,41.034555,102730.374,48.52811312675476,41.824992418289185,41.895477294921875
1,41.034555,-1.0,48.52811312675476,,
