step,orig_cost,time_since_start,runtime0,runtime1,runtime2
0,50.170312,33320.296,56.039756298065186,48.902875900268555,48.979763984680176
1,50.170312,-1.0,56.039756298065186,,
