step,orig_cost,time_since_start,runtime0,runtime1,runtime2
0,47.11692,104194.077,49.80971050262451,44.106823444366455,44.13934803009033
1,47.11692,-1.0,49.80971050262451,,
