step,orig_cost,time_since_start,runtime0,runtime1,runtime2
0,56.979793,32917.727,59.15811371803284,53.92530822753906,53.883509397506714
1,56.979793,-1.0,59.15811371803284,,
