step,orig_cost,time_since_start,runtime0,runtime1,runtime2
0,47.11692,104194.077,51.34644103050232,46.84194469451904,46.17929029464722
1,47.11692,-1.0,51.34644103050232,,
