step,orig_cost,time_since_start,runtime0,runtime1,runtime2
0,56.979793,32917.727,62.81559085845947,55.93510150909424,56.20681881904602
1,56.979793,-1.0,62.81559085845947,,
