step,orig_cost,time_since_start,runtime0,runtime1,runtime2
0,41.297258,101878.659,46.362640619277954,39.2161865234375,38.92654371261597
1,41.297258,-1.0,46.362640619277954,,
