step,orig_cost,time_since_start,runtime0,runtime1,runtime2
0,51.292596,30149.522,54.76676917076111,47.914477825164795,47.69729542732239
1,51.292596,-1.0,54.76676917076111,,
