step,orig_cost,time_since_start,runtime0,runtime1,runtime2
0,51.292596,30149.522,56.34557127952576,50.47271513938904,50.28916025161743
1,51.292596,-1.0,56.34557127952576,,
