step,orig_cost,time_since_start,runtime0,runtime1,runtime2
0,41.297258,101878.659,46.896098136901855,40.75882053375244,40.62113070487976
1,41.297258,-1.0,46.896098136901855,,
