step,orig_cost,time_since_start,runtime0,runtime1,runtime2
0,63.400941,30015.369,63.912604331970215,57.76495575904846,58.895771980285645
1,63.400941,-1.0,63.912604331970215,,
