step,orig_cost,time_since_start,runtime0,runtime1,runtime2
0,45.085291,103243.631,48.82445311546326,43.555704832077026,44.450831174850464
1,45.085291,-1.0,48.82445311546326,,
