step,orig_cost,time_since_start,runtime0,runtime1,runtime2
0,45.085291,103243.631,51.330453395843506,45.16733360290527,44.944902658462524
1,45.085291,-1.0,51.330453395843506,,
