step,orig_cost,time_since_start,runtime0,runtime1,runtime2
0,63.400941,30015.369,67.40971636772156,60.751750230789185,60.176172494888306
1,63.400941,-1.0,67.40971636772156,,
