step,orig_cost,time_since_start,runtime0,runtime1,runtime2
0,212.107244,108051.546,205.37890815734863,191.20955395698547,190.75451397895813
1,212.107244,-1.0,205.37890815734863,,
