step,orig_cost,time_since_start,runtime0,runtime1,runtime2
0,15.362927,78779.075,21.501063585281372,15.722349643707275,15.71479344367981
1,15.362927,-1.0,21.501063585281372,,
