step,orig_cost,time_since_start,runtime0,runtime1,runtime2
0,209.987051,103425.804,208.74044108390808,198.62480282783508,200.680837392807
1,209.987051,-1.0,208.74044108390808,,
