step,orig_cost,time_since_start,runtime0,runtime1,runtime2
0,43.631762,107041.157,48.18127799034119,43.09269404411316,42.98472881317139
1,43.631762,-1.0,48.18127799034119,,
