step,orig_cost,time_since_start,runtime0,runtime1,runtime2
0,93.736322,102436.345,97.81356120109558,79.19091868400574,79.98241806030273
1,93.736322,-1.0,97.81356120109558,,
