step,orig_cost,time_since_start,runtime0,runtime1,runtime2
0,13.794674,99026.859,20.025350093841553,15.868232011795044,15.268678426742554
1,13.794674,-1.0,20.025350093841553,,
