step,orig_cost,time_since_start,runtime0,runtime1,runtime2
0,7.207669,90828.426,11.46376347541809,7.253694295883179,7.408134937286377
1,7.207669,-1.0,11.46376347541809,,
