step,orig_cost,time_since_start,runtime0,runtime1,runtime2
0,63.638851,35319.64,68.72302055358887,61.780561447143555,62.00296449661255
1,63.638851,-1.0,68.72302055358887,,
