step,orig_cost,time_since_start,runtime0,runtime1,runtime2
0,46.138739,101634.701,47.645116329193115,43.65657091140747,43.61691451072693
1,46.138739,-1.0,47.645116329193115,,
