step,orig_cost,time_since_start,runtime0,runtime1,runtime2
0,63.638851,35319.64,71.2010190486908,62.24282240867615,62.55065369606018
1,63.638851,-1.0,71.2010190486908,,
