step,orig_cost,time_since_start,runtime0,runtime1,runtime2
0,46.138739,101634.701,51.57467722892761,47.2069046497345,47.241451263427734
1,46.138739,-1.0,51.57467722892761,,
