step,orig_cost,time_since_start,runtime0,runtime1,runtime2
0,7.326075,104957.476,12.638957500457764,8.459113359451294,7.958580493927002
1,7.326075,-1.0,12.638957500457764,,
