step,orig_cost,time_since_start,runtime0,runtime1,runtime2
0,47.595978,99123.708,51.37277674674988,46.093430042266846,46.347206830978394
1,47.595978,-1.0,51.37277674674988,,
