step,orig_cost,time_since_start,runtime0,runtime1,runtime2
0,69.177969,25205.876,69.69610500335693,63.66695284843445,64.02585792541504
1,69.177969,-1.0,69.69610500335693,,
