step,orig_cost,time_since_start,runtime0,runtime1,runtime2
0,47.595978,99123.708,52.77553081512451,47.97683048248291,47.84432554244995
1,47.595978,-1.0,52.77553081512451,,
