step,orig_cost,time_since_start,runtime0,runtime1,runtime2
0,69.177969,25205.876,72.72100186347961,65.64715075492859,66.0022943019867
1,69.177969,-1.0,72.72100186347961,,
