step,orig_cost,time_since_start,runtime0,runtime1,runtime2
0,61.577171,32731.393,62.10340237617493,57.24311351776123,57.049649715423584
1,61.577171,-1.0,62.10340237617493,,
