step,orig_cost,time_since_start,runtime0,runtime1,runtime2
0,44.65276,102204.598,46.89360857009888,41.761234998703,40.65967130661011
1,44.65276,-1.0,46.89360857009888,,
