step,orig_cost,time_since_start,runtime0,runtime1,runtime2
0,44.65276,102204.598,48.304810762405396,43.60246300697327,43.6372652053833
1,44.65276,-1.0,48.304810762405396,,
