step,orig_cost,time_since_start,runtime0,runtime1,runtime2
0,61.577171,32731.393,64.831209897995,59.71754217147827,59.26586580276489
1,61.577171,-1.0,64.831209897995,,
