step,orig_cost,time_since_start,runtime0,runtime1,runtime2
0,43.233603,101080.181,46.97399973869324,42.2781708240509,42.67081117630005
1,43.233603,-1.0,46.97399973869324,,
