step,orig_cost,time_since_start,runtime0,runtime1,runtime2
0,42.812907,104738.786,51.21891379356384,43.42241406440735,42.83904695510864
1,42.812907,-1.0,51.21891379356384,,
