step,orig_cost,time_since_start,runtime0,runtime1,runtime2
0,248.31142,108083.926,244.1362533569336,231.91368651390076,230.47336745262146
1,248.31142,-1.0,244.1362533569336,,
