step,orig_cost,time_since_start,runtime0,runtime1,runtime2
0,36.593626,102388.681,40.82252216339111,36.036370038986206,39.69165897369385
1,36.593626,-1.0,40.82252216339111,,
