step,orig_cost,time_since_start,runtime0,runtime1,runtime2
0,52.048605,34590.205,55.61907768249512,50.667449951171875,51.332223892211914
1,52.048605,-1.0,55.61907768249512,,
