step,orig_cost,time_since_start,runtime0,runtime1,runtime2
0,52.048605,34590.205,59.246769189834595,52.402061223983765,52.25135350227356
1,52.048605,-1.0,59.246769189834595,,
