step,orig_cost,time_since_start,runtime0,runtime1,runtime2
0,36.593626,102388.681,42.3420045375824,37.51580595970154,37.60961651802063
1,36.593626,-1.0,42.3420045375824,,
