step,orig_cost,time_since_start,runtime0,runtime1,runtime2
0,15.006107,88061.357,19.2938015460968,15.641390323638916,15.770408630371094
1,15.006107,-1.0,19.2938015460968,,
