step,orig_cost,time_since_start,runtime0,runtime1,runtime2
0,15.003622,92880.482,19.27187156677246,15.071362733840942,15.451832056045532
1,15.003622,-1.0,19.27187156677246,,
