step,orig_cost,time_since_start,runtime0,runtime1,runtime2
0,5.154462,107617.982,7.2327587604522705,5.3045899868011475,5.26936149597168
1,5.154462,-1.0,7.2327587604522705,,
