step,orig_cost,time_since_start,runtime0,runtime1,runtime2
0,38.834412,87757.459,42.96439456939697,38.078521728515625,38.29264855384827
1,38.834412,-1.0,42.96439456939697,,
