step,orig_cost,time_since_start,runtime0,runtime1,runtime2
0,50.62636,34132.658,52.82370686531067,47.57351016998291,47.41007733345032
1,50.62636,-1.0,52.82370686531067,,
