step,orig_cost,time_since_start,runtime0,runtime1,runtime2
0,38.834412,87757.459,44.374881744384766,40.16439604759216,41.3992235660553
1,38.834412,-1.0,44.374881744384766,,
