step,orig_cost,time_since_start,runtime0,runtime1,runtime2
0,50.62636,34132.658,54.13938808441162,49.45875287055969,49.461018562316895
1,50.62636,-1.0,54.13938808441162,,
