step,orig_cost,time_since_start,runtime0,runtime1,runtime2
0,25.227267,98959.068,30.101723432540894,24.160409688949585,24.314801931381226
1,25.227267,-1.0,30.101723432540894,,
