step,orig_cost,time_since_start,runtime0,runtime1,runtime2
0,54.412324,35919.826,59.500896692276,53.04019236564636,52.093844413757324
1,54.412324,-1.0,59.500896692276,,
