step,orig_cost,time_since_start,runtime0,runtime1,runtime2
0,41.542635,94317.987,45.51448965072632,40.24970459938049,40.082250118255615
1,41.542635,-1.0,45.51448965072632,,
