step,orig_cost,time_since_start,runtime0,runtime1,runtime2
0,41.542635,94317.987,47.61373591423035,42.533209800720215,42.6225483417511
1,41.542635,-1.0,47.61373591423035,,
