step,orig_cost,time_since_start,runtime0,runtime1,runtime2
0,54.412324,35919.826,61.08449101448059,54.420008182525635,54.010040283203125
1,54.412324,-1.0,61.08449101448059,,
