step,orig_cost,time_since_start,runtime0,runtime1,runtime2
0,7.079941,93920.125,11.8818039894104,8.070215940475464,7.535387992858887
1,7.079941,-1.0,11.8818039894104,,
