step,orig_cost,time_since_start,runtime0,runtime1,runtime2
0,5.227765,94144.127,7.561189889907837,5.410664796829224,5.354425668716431
1,5.227765,-1.0,7.561189889907837,,
