step,orig_cost,time_since_start,runtime0,runtime1,runtime2
0,43.336739,97192.797,45.71081280708313,41.469849824905396,41.63319635391235
1,43.336739,-1.0,45.71081280708313,,
