step,orig_cost,time_since_start,runtime0,runtime1,runtime2
0,52.012969,29359.791,54.05410885810852,47.36240196228027,46.98638129234314
1,52.012969,-1.0,54.05410885810852,,
