step,orig_cost,time_since_start,runtime0,runtime1,runtime2
0,52.012969,29359.791,55.80327773094177,50.02020287513733,51.14806365966797
1,52.012969,-1.0,55.80327773094177,,
