step,orig_cost,time_since_start,runtime0,runtime1,runtime2
0,43.336739,97192.797,49.20441913604736,44.37096190452576,44.0568642616272
1,43.336739,-1.0,49.20441913604736,,
