step,orig_cost,time_since_start,runtime0,runtime1,runtime2
0,60.495716,72957.748,64.28303980827332,57.961551904678345,58.016847372055054
1,60.495716,-1.0,64.28303980827332,,
