step,orig_cost,time_since_start,runtime0,runtime1,runtime2
0,43.602173,104554.322,46.830185413360596,42.1188018321991,41.5332088470459
1,43.602173,-1.0,46.830185413360596,,
