step,orig_cost,time_since_start,runtime0,runtime1,runtime2
0,51.757087,35299.717,55.03579592704773,48.97535967826843,48.74822115898132
1,51.757087,-1.0,55.03579592704773,,
