step,orig_cost,time_since_start,runtime0,runtime1,runtime2
0,51.757087,35299.717,56.69672775268555,50.75831437110901,50.72945547103882
1,51.757087,-1.0,56.69672775268555,,
