step,orig_cost,time_since_start,runtime0,runtime1,runtime2
0,43.602173,104554.322,49.973045349121094,44.41884803771973,44.22004532814026
1,43.602173,-1.0,49.973045349121094,,
