step,orig_cost,time_since_start,runtime0,runtime1,runtime2
0,7.900999,106350.302,12.470365524291992,8.069419384002686,8.096896648406982
1,7.900999,-1.0,12.470365524291992,,
