step,orig_cost,time_since_start,runtime0,runtime1,runtime2
0,99.183685,60529.413,95.42543888092041,83.29278922080994,82.83038067817688
1,99.183685,-1.0,95.42543888092041,,
