step,orig_cost,time_since_start,runtime0,runtime1,runtime2
0,53.151219,33611.045,56.0683228969574,53.245694637298584,52.744221448898315
1,53.151219,-1.0,56.0683228969574,,
