step,orig_cost,time_since_start,runtime0,runtime1,runtime2
0,42.758224,61301.222,49.429832220077515,43.10402202606201,44.67465615272522
1,42.758224,-1.0,49.429832220077515,,
