step,orig_cost,time_since_start,runtime0,runtime1,runtime2
0,42.758224,61301.222,51.165072202682495,44.867801904678345,44.80331015586853
1,42.758224,-1.0,51.165072202682495,,
