step,orig_cost,time_since_start,runtime0,runtime1,runtime2
0,53.151219,33611.045,58.70562982559204,53.230921030044556,53.52961468696594
1,53.151219,-1.0,58.70562982559204,,
