step,orig_cost,time_since_start,runtime0,runtime1,runtime2
0,43.59482,35104.682,47.384262561798096,42.99277639389038,45.102866649627686
1,43.59482,-1.0,47.384262561798096,,
