step,orig_cost,time_since_start,runtime0,runtime1,runtime2
0,38.444692,86808.491,43.39749026298523,37.959944009780884,38.69245982170105
1,38.444692,-1.0,43.39749026298523,,
