step,orig_cost,time_since_start,runtime0,runtime1,runtime2
0,38.444692,86808.491,43.99113941192627,39.02236223220825,39.70811319351196
1,38.444692,-1.0,43.99113941192627,,
