step,orig_cost,time_since_start,runtime0,runtime1,runtime2
0,43.59482,35104.682,49.068538665771484,44.470308780670166,44.514341592788696
1,43.59482,-1.0,49.068538665771484,,
