step,orig_cost,time_since_start,runtime0,runtime1,runtime2
0,60.465211,27627.634,62.98104405403137,57.043882846832275,56.558860778808594
1,60.465211,-1.0,62.98104405403137,,
