step,orig_cost,time_since_start,runtime0,runtime1,runtime2
0,51.663559,104608.775,55.334993839263916,49.40829586982727,49.21241235733032
1,51.663559,-1.0,55.334993839263916,,
