step,orig_cost,time_since_start,runtime0,runtime1,runtime2
0,60.465211,27627.634,65.49926328659058,60.197165966033936,60.11068248748779
1,60.465211,-1.0,65.49926328659058,,
