step,orig_cost,time_since_start,runtime0,runtime1,runtime2
0,51.663559,104608.775,57.70295190811157,51.883448362350464,52.23840308189392
1,51.663559,-1.0,57.70295190811157,,
