step,orig_cost,time_since_start,runtime0
0,265.959221,320.456,600.0
1,265.959221,-1.0,600.0
