step,orig_cost,time_since_start,runtime0,runtime1,runtime2
0,6.239448,102878.507,10.774405717849731,6.7129597663879395,6.652337312698364
1,6.239448,-1.0,10.774405717849731,,
