step,orig_cost,time_since_start,runtime0,runtime1,runtime2
0,7.694367,38018.499,12.901861429214478,8.97603440284729,8.440304517745972
1,7.694367,-1.0,12.901861429214478,,
