step,orig_cost,time_since_start,runtime0,runtime1,runtime2
0,120.934926,95827.29,127.42639088630676,118.38047909736633,115.78568458557129
1,120.934926,-1.0,127.42639088630676,,
