step,orig_cost,time_since_start,runtime0,runtime1,runtime2
0,7.179582,106191.226,11.4214346408844,7.419537782669067,7.337351560592651
1,7.179582,-1.0,11.4214346408844,,
