step,orig_cost,time_since_start,runtime0,runtime1,runtime2
0,63.523792,97477.586,62.8422064781189,60.27264738082886,58.955037355422974
1,63.523792,-1.0,62.8422064781189,,
