step,orig_cost,time_since_start,runtime0,runtime1,runtime2
0,38.275933,74129.096,43.48873472213745,38.221240758895874,38.31042194366455
1,38.275933,-1.0,43.48873472213745,,
