step,orig_cost,time_since_start,runtime0,runtime1,runtime2
0,44.70511,35750.457,49.21143460273743,43.498934268951416,43.29539775848389
1,44.70511,-1.0,49.21143460273743,,
