step,orig_cost,time_since_start,runtime0,runtime1,runtime2
0,38.275933,74129.096,46.26999497413635,39.938429832458496,39.92611503601074
1,38.275933,-1.0,46.26999497413635,,
