step,orig_cost,time_since_start,runtime0,runtime1,runtime2
0,44.70511,35750.457,52.73664903640747,46.36601281166077,45.85385251045227
1,44.70511,-1.0,52.73664903640747,,
