step,orig_cost,time_since_start,runtime0,runtime1,runtime2
0,48.085735,98671.325,51.22226929664612,45.11264181137085,45.844873666763306
1,48.085735,-1.0,51.22226929664612,,
