step,orig_cost,time_since_start,runtime0,runtime1,runtime2
0,65.101522,34649.375,68.4618124961853,61.33733773231506,61.32473874092102
1,65.101522,-1.0,68.4618124961853,,
