step,orig_cost,time_since_start,runtime0,runtime1,runtime2
0,65.101522,34649.375,69.88260698318481,62.96586894989014,63.188385009765625
1,65.101522,-1.0,69.88260698318481,,
