step,orig_cost,time_since_start,runtime0,runtime1,runtime2
0,48.085735,98671.325,54.96772241592407,47.81939435005188,47.90259885787964
1,48.085735,-1.0,54.96772241592407,,
