step,orig_cost,time_since_start,runtime0,runtime1,runtime2
0,114.134846,104503.767,114.45408654212952,102.51564002037048,101.77455973625183
1,114.134846,-1.0,114.45408654212952,,
