step,orig_cost,time_since_start,runtime0,runtime1,runtime2
0,46.020167,100535.902,50.4602575302124,45.00422215461731,44.57742142677307
1,46.020167,-1.0,50.4602575302124,,
