step,orig_cost,time_since_start,runtime0,runtime1,runtime2
0,56.904369,34272.996,62.938666105270386,55.475955963134766,55.34992289543152
1,56.904369,-1.0,62.938666105270386,,
