step,orig_cost,time_since_start,runtime0,runtime1,runtime2
0,46.020167,100535.902,52.98857140541077,46.55320954322815,46.5142343044281
1,46.020167,-1.0,52.98857140541077,,
