step,orig_cost,time_since_start,runtime0,runtime1,runtime2
0,56.904369,34272.996,66.12033820152283,57.79905438423157,58.57551550865173
1,56.904369,-1.0,66.12033820152283,,
