step,orig_cost,time_since_start,runtime0,runtime1,runtime2
0,40.468407,86807.325,43.74856233596802,38.54456353187561,38.858092308044434
1,40.468407,-1.0,43.74856233596802,,
