step,orig_cost,time_since_start,runtime0,runtime1,runtime2
0,54.923688,35698.621,55.7053906917572,50.07765603065491,50.38617205619812
1,54.923688,-1.0,55.7053906917572,,
