step,orig_cost,time_since_start,runtime0,runtime1,runtime2
0,54.923688,35698.621,57.80080270767212,52.71471643447876,52.599098443984985
1,54.923688,-1.0,57.80080270767212,,
