step,orig_cost,time_since_start,runtime0,runtime1,runtime2
0,40.468407,86807.325,45.18521547317505,41.25792050361633,40.87226462364197
1,40.468407,-1.0,45.18521547317505,,
