step,orig_cost,time_since_start,runtime0,runtime1,runtime2
0,67.507132,29599.013,69.676687002182,61.13661193847656,61.49116325378418
1,67.507132,-1.0,69.676687002182,,
