step,orig_cost,time_since_start,runtime0,runtime1,runtime2
0,50.703894,87324.862,53.44125270843506,48.5227997303009,48.514477252960205
1,50.703894,-1.0,53.44125270843506,,
