step,orig_cost,time_since_start,runtime0,runtime1,runtime2
0,50.703894,87324.862,55.92730164527893,49.867011070251465,49.848732471466064
1,50.703894,-1.0,55.92730164527893,,
