step,orig_cost,time_since_start,runtime0,runtime1,runtime2
0,67.507132,29599.013,71.98592257499695,64.04529070854187,63.823596715927124
1,67.507132,-1.0,71.98592257499695,,
