step,orig_cost,time_since_start,runtime0,runtime1,runtime2
0,94.828315,59691.637,94.07442951202393,77.12812519073486,76.87813472747803
1,94.828315,-1.0,94.07442951202393,,
