step,orig_cost,time_since_start,runtime0,runtime1,runtime2
0,58.760779,29093.939,62.273844718933105,55.721505880355835,55.814202547073364
1,58.760779,-1.0,62.273844718933105,,
