step,orig_cost,time_since_start,runtime0,runtime1,runtime2
0,46.339547,90995.049,48.37985873222351,42.04840683937073,44.2249493598938
1,46.339547,-1.0,48.37985873222351,,
