step,orig_cost,time_since_start,runtime0,runtime1,runtime2
0,46.339547,90995.049,51.71960473060608,45.90995383262634,45.65529489517212
1,46.339547,-1.0,51.71960473060608,,
