step,orig_cost,time_since_start,runtime0,runtime1,runtime2
0,58.760779,29093.939,64.21116662025452,57.69937586784363,57.54014539718628
1,58.760779,-1.0,64.21116662025452,,
