step,orig_cost,time_since_start,runtime0,runtime1,runtime2
0,49.332014,34622.743,51.17633366584778,48.15910363197327,48.05967426300049
1,49.332014,-1.0,51.17633366584778,,
