step,orig_cost,time_since_start,runtime0,runtime1,runtime2
0,39.605664,100175.719,44.823424100875854,40.232420444488525,40.581968784332275
1,39.605664,-1.0,44.823424100875854,,
