step,orig_cost,time_since_start,runtime0,runtime1,runtime2
0,39.605664,100175.719,47.88839149475098,43.25535440444946,42.6145384311676
1,39.605664,-1.0,47.88839149475098,,
