step,orig_cost,time_since_start,runtime0,runtime1,runtime2
0,49.332014,34622.743,55.0428900718689,49.785693407058716,49.62052845954895
1,49.332014,-1.0,55.0428900718689,,
