step,orig_cost,time_since_start,runtime0,runtime1,runtime2
0,68.243002,107686.777,70.74581575393677,67.6823034286499,66.45675325393677
1,68.243002,-1.0,70.74581575393677,,
