step,orig_cost,time_since_start,runtime0,runtime1,runtime2
0,40.973489,101170.092,43.79857277870178,39.24514985084534,39.12754702568054
1,40.973489,-1.0,43.79857277870178,,
