step,orig_cost,time_since_start,runtime0,runtime1,runtime2
0,51.293639,32125.267,53.58321475982666,47.93714952468872,47.83907890319824
1,51.293639,-1.0,53.58321475982666,,
