step,orig_cost,time_since_start,runtime0,runtime1,runtime2
0,40.973489,101170.092,44.487212896347046,40.487303256988525,40.46536827087402
1,40.973489,-1.0,44.487212896347046,,
