step,orig_cost,time_since_start,runtime0,runtime1,runtime2
0,51.293639,32125.267,54.92982339859009,50.14837694168091,50.05313420295715
1,51.293639,-1.0,54.92982339859009,,
