step,orig_cost,time_since_start,runtime0,runtime1,runtime2
0,90.971988,30971.359,95.58502459526062,95.85846090316772,92.2763786315918
1,90.971988,-1.0,95.58502459526062,,
