step,orig_cost,time_since_start,runtime0,runtime1,runtime2
0,46.788768,103399.635,49.03782773017883,44.25641989707947,44.25266170501709
1,46.788768,-1.0,49.03782773017883,,
