step,orig_cost,time_since_start,runtime0,runtime1,runtime2
0,90.971988,30971.359,100.47833061218262,96.93283867835999,94.22474670410156
1,90.971988,-1.0,100.47833061218262,,
