step,orig_cost,time_since_start,runtime0,runtime1,runtime2
0,46.788768,103399.635,51.053361892700195,46.43936634063721,46.40950298309326
1,46.788768,-1.0,51.053361892700195,,
