step,orig_cost,time_since_start,runtime0,runtime1,runtime2
0,5.487934,105570.832,7.898900032043457,5.695816993713379,5.6547136306762695
1,5.487934,-1.0,7.898900032043457,,
