step,orig_cost,time_since_start,runtime0,runtime1,runtime2
0,39.254416,105439.817,42.235952854156494,37.28241753578186,37.15835428237915
1,39.254416,-1.0,42.235952854156494,,
