step,orig_cost,time_since_start,runtime0,runtime1,runtime2
0,59.001045,34158.835,62.038995027542114,56.48166346549988,56.16248345375061
1,59.001045,-1.0,62.038995027542114,,
