step,orig_cost,time_since_start,runtime0,runtime1,runtime2
0,59.001045,34158.835,64.94431066513062,58.271512269973755,58.25066781044006
1,59.001045,-1.0,64.94431066513062,,
