step,orig_cost,time_since_start,runtime0,runtime1,runtime2
0,39.254416,105439.817,44.39282011985779,39.52667832374573,39.219523906707764
1,39.254416,-1.0,44.39282011985779,,
