step,orig_cost,time_since_start,runtime0,runtime1,runtime2
0,24.0265,95208.093,26.810341835021973,23.117285013198853,23.276150465011597
1,24.0265,-1.0,26.810341835021973,,
