step,orig_cost,time_since_start,runtime0,runtime1,runtime2
0,57.529489,29708.535,59.96327614784241,54.62474870681763,54.56928777694702
1,57.529489,-1.0,59.96327614784241,,
