step,orig_cost,time_since_start,runtime0,runtime1,runtime2
0,44.630842,98879.159,48.84797787666321,42.14323139190674,42.23215699195862
1,44.630842,-1.0,48.84797787666321,,
