step,orig_cost,time_since_start,runtime0,runtime1,runtime2
0,57.529489,29708.535,62.193870544433594,56.09566640853882,56.5600106716156
1,57.529489,-1.0,62.193870544433594,,
