step,orig_cost,time_since_start,runtime0,runtime1,runtime2
0,44.630842,98879.159,50.551894187927246,44.57007050514221,44.798909425735474
1,44.630842,-1.0,50.551894187927246,,
