step,orig_cost,time_since_start,runtime0,runtime1,runtime2
0,24.791468,102461.55,28.540834188461304,23.26021981239319,23.310865879058838
1,24.791468,-1.0,28.540834188461304,,
