step,orig_cost,time_since_start,runtime0,runtime1,runtime2
0,12.296326,90700.161,16.59823727607727,11.723037958145142,11.680708408355713
1,12.296326,-1.0,16.59823727607727,,
