step,orig_cost,time_since_start,runtime0,runtime1,runtime2
0,42.882554,106754.402,52.0497772693634,45.97851824760437,45.712080001831055
1,42.882554,-1.0,52.0497772693634,,
