step,orig_cost,time_since_start,runtime0,runtime1,runtime2
0,39.286723,99139.984,44.964248180389404,39.404874086380005,39.46060800552368
1,39.286723,-1.0,44.964248180389404,,
