step,orig_cost,time_since_start,runtime0,runtime1,runtime2
0,55.372484,22443.218,57.047755002975464,52.194377183914185,53.54969573020935
1,55.372484,-1.0,57.047755002975464,,
