step,orig_cost,time_since_start,runtime0,runtime1,runtime2
0,39.286723,99139.984,46.31298065185547,40.987191915512085,40.99980425834656
1,39.286723,-1.0,46.31298065185547,,
