step,orig_cost,time_since_start,runtime0,runtime1,runtime2
0,55.372484,22443.218,60.85349726676941,59.26909565925598,56.382309913635254
1,55.372484,-1.0,60.85349726676941,,
