step,orig_cost,time_since_start,runtime0,runtime1,runtime2
0,55.223488,35912.228,56.809410095214844,52.69774055480957,52.59644889831543
1,55.223488,-1.0,56.809410095214844,,
