step,orig_cost,time_since_start,runtime0,runtime1,runtime2
0,41.066807,95280.429,45.17800807952881,39.63639807701111,39.82674026489258
1,41.066807,-1.0,45.17800807952881,,
