step,orig_cost,time_since_start,runtime0,runtime1,runtime2
0,41.066807,95280.429,46.76561689376831,42.059772968292236,41.758960485458374
1,41.066807,-1.0,46.76561689376831,,
