step,orig_cost,time_since_start,runtime0,runtime1,runtime2
0,55.223488,35912.228,58.191452741622925,54.376309394836426,54.67414951324463
1,55.223488,-1.0,58.191452741622925,,
