step,orig_cost,time_since_start,runtime0,runtime1,runtime2
0,52.459516,26702.358,56.37886953353882,50.3371307849884,50.36062788963318
1,52.459516,-1.0,56.37886953353882,,
