step,orig_cost,time_since_start,runtime0,runtime1,runtime2
0,42.040515,93423.738,47.025323152542114,41.419618368148804,41.4098482131958
1,42.040515,-1.0,47.025323152542114,,
