step,orig_cost,time_since_start,runtime0,runtime1,runtime2
0,42.040515,93423.738,48.5588698387146,43.419541120529175,43.37528133392334
1,42.040515,-1.0,48.5588698387146,,
