step,orig_cost,time_since_start,runtime0,runtime1,runtime2
0,52.459516,26702.358,58.322591066360474,52.25938272476196,52.46421527862549
1,52.459516,-1.0,58.322591066360474,,
