step,orig_cost,time_since_start,runtime0,runtime1,runtime2
0,15.839947,101211.564,20.69761633872986,16.552300453186035,16.214212656021118
1,15.839947,-1.0,20.69761633872986,,
