step,orig_cost,time_since_start,runtime0,runtime1,runtime2
0,40.767746,101228.594,44.61002206802368,39.63135027885437,39.63047790527344
1,40.767746,-1.0,44.61002206802368,,
