step,orig_cost,time_since_start,runtime0,runtime1,runtime2
0,16.178188,102034.379,20.856324911117554,16.51113772392273,17.09708261489868
1,16.178188,-1.0,20.856324911117554,,
