step,orig_cost,time_since_start,runtime0,runtime1,runtime2
0,209.795003,94079.912,206.7665445804596,193.6243703365326,193.2584512233734
1,209.795003,-1.0,206.7665445804596,,
