step,orig_cost,time_since_start,runtime0,runtime1,runtime2
0,47.662055,54801.49,51.55587196350098,45.28953242301941,45.28722786903381
1,47.662055,-1.0,51.55587196350098,,
