step,orig_cost,time_since_start,runtime0,runtime1,runtime2
0,54.596554,34923.437,56.47727823257446,50.39967751502991,50.61758351325989
1,54.596554,-1.0,56.47727823257446,,
