step,orig_cost,time_since_start,runtime0,runtime1,runtime2
0,54.596554,34923.437,60.21243762969971,54.254905700683594,53.800796031951904
1,54.596554,-1.0,60.21243762969971,,
