step,orig_cost,time_since_start,runtime0,runtime1,runtime2
0,47.662055,54801.49,52.73727989196777,47.56528186798096,47.32993793487549
1,47.662055,-1.0,52.73727989196777,,
