step,orig_cost,time_since_start,runtime0,runtime1,runtime2
0,103.771417,62789.842,120.24192500114441,89.40802907943726,88.053377866745
1,103.771417,-1.0,120.24192500114441,,
