step,orig_cost,time_since_start,runtime0,runtime1,runtime2
0,23.84612,106351.914,26.342451333999634,22.752161026000977,22.882540941238403
1,23.84612,-1.0,26.342451333999634,,
