step,orig_cost,time_since_start,runtime0,runtime1,runtime2
0,5.98388,97663.948,8.303217887878418,6.188100576400757,6.152190446853638
1,5.98388,-1.0,8.303217887878418,,
