step,orig_cost,time_since_start,runtime0,runtime1,runtime2
0,86.878402,79782.99,96.80626463890076,76.77037191390991,76.94538164138794
1,86.878402,-1.0,96.80626463890076,,
