step,orig_cost,time_since_start,runtime0,runtime1,runtime2
0,65.88927,101247.325,67.20993041992188,60.431725025177,61.2781445980072
1,65.88927,-1.0,67.20993041992188,,
