step,orig_cost,time_since_start,runtime0,runtime1,runtime2
0,77.40948,95692.769,85.77835369110107,70.17848634719849,70.3238136768341
1,77.40948,-1.0,85.77835369110107,,
