step,orig_cost,time_since_start,runtime0,runtime1,runtime2
0,51.751381,104959.01,55.65087389945984,49.72894811630249,49.69029927253723
1,51.751381,-1.0,55.65087389945984,,
