step,orig_cost,time_since_start,runtime0,runtime1,runtime2
0,59.42601,29457.868,60.711994886398315,55.18807077407837,55.492852210998535
1,59.42601,-1.0,60.711994886398315,,
