step,orig_cost,time_since_start,runtime0,runtime1,runtime2
0,59.42601,29457.868,64.0618166923523,58.47455954551697,57.66507887840271
1,59.42601,-1.0,64.0618166923523,,
