step,orig_cost,time_since_start,runtime0,runtime1,runtime2
0,51.751381,104959.01,58.339319705963135,52.45497250556946,52.78582406044006
1,51.751381,-1.0,58.339319705963135,,
