step,orig_cost,time_since_start,runtime0,runtime1,runtime2
0,77.526024,15233.399,76.77352285385132,71.32190275192261,71.38085341453552
1,77.526024,-1.0,76.77352285385132,,
