step,orig_cost,time_since_start,runtime0,runtime1,runtime2
0,209.157665,108096.764,205.74232268333435,191.95083236694336,193.96131134033203
1,209.157665,-1.0,205.74232268333435,,
