step,orig_cost,time_since_start,runtime0,runtime1,runtime2
0,67.865605,34305.014,69.16363859176636,61.874207735061646,61.88288998603821
1,67.865605,-1.0,69.16363859176636,,
