step,orig_cost,time_since_start,runtime0,runtime1,runtime2
0,45.513147,101544.806,48.29498887062073,42.98645853996277,43.119494676589966
1,45.513147,-1.0,48.29498887062073,,
