step,orig_cost,time_since_start,runtime0,runtime1,runtime2
0,67.865605,34305.014,70.4584047794342,65.01260590553284,64.73366236686707
1,67.865605,-1.0,70.4584047794342,,
