step,orig_cost,time_since_start,runtime0,runtime1,runtime2
0,45.513147,101544.806,49.05401062965393,45.01537489891052,44.83663463592529
1,45.513147,-1.0,49.05401062965393,,
