step,orig_cost,time_since_start,runtime0,runtime1,runtime2
0,13.724044,106387.231,16.662245273590088,12.46741795539856,12.517062187194824
1,13.724044,-1.0,16.662245273590088,,
