step,orig_cost,time_since_start,runtime0,runtime1,runtime2
0,127.251972,96276.118,131.63501453399658,118.84580254554749,119.97122502326965
1,127.251972,-1.0,131.63501453399658,,
